Category,Subcategory,Fact,Support,Opposition
Equality & non-discrimination,Constitution (sexual orientation),"En Belgique, la constitution interdit-elle la discrimination fondée sur l'orientation sexuelle ?","En Belgique, la constitution devrait-elle interdire la discrimination fondée sur l'orientation sexuelle ?","En Belgique, la constitution devrait-elle autoriser la discrimination fondée sur l'orientation sexuelle ?"
Equality & non-discrimination,Employment (sexual orientation),"En Belgique, l'orientation sexuelle est-elle explicitement incluse dans la législation anti-discrimination en matière d'emploi ?","En Belgique, l'orientation sexuelle devrait-elle être explicitement incluse dans la législation anti-discrimination en matière d'emploi ?","En Belgique, l'orientation sexuelle doit-elle être exclue de la législation anti-discrimination en matière d'emploi ?"
Equality & non-discrimination,Goods & services (sexual orientation),"En Belgique, l'orientation sexuelle est-elle explicitement incluse dans la législation anti-discrimination relative aux biens et services ?","En Belgique, l'orientation sexuelle devrait-elle être explicitement incluse dans la législation anti-discrimination relative aux biens et services ?","En Belgique, l'orientation sexuelle doit-elle être exclue de la législation anti-discrimination sur les biens et services ?"
Equality & non-discrimination,Education (sexual orientation),"En Belgique, la discrimination fondée sur l'orientation sexuelle dans le domaine de l'éducation est-elle interdite par la législation ?","En Belgique, la discrimination fondée sur l'orientation sexuelle dans le domaine de l'éducation devrait-elle être interdite par la législation ?","En Belgique, la législation devrait-elle autoriser la discrimination fondée sur l'orientation sexuelle dans le domaine de l'éducation ?"
Equality & non-discrimination,Health (sexual orientation),"En Belgique, la discrimination fondée sur l'orientation sexuelle dans le domaine de la santé est-elle interdite par la législation ?","En Belgique, la discrimination fondée sur l'orientation sexuelle dans le domaine de la santé devrait-elle être interdite par la législation ?","En Belgique, la législation devrait-elle autoriser la discrimination fondée sur l'orientation sexuelle dans le domaine de la santé ?"
Equality & non-discrimination,Conversion practices ban (sexual orientation),"En Belgique, existe-t-il une législation ou des politiques qui interdisent les pratiques de conversion ou de réparation visant à modifier l'orientation sexuelle d'un mineur ?","En Belgique, les pratiques de conversion ou de réparation visant à modifier l'orientation sexuelle d'un mineur devraient-elles être interdites par la législation ou les politiques ?","En Belgique, les pratiques de conversion ou de réparation visant à modifier l'orientation sexuelle d'un mineur devraient-elles être autorisées par la législation ou les politiques ?"
Equality & non-discrimination,Equality body mandate (sexual orientation),"En Belgique, existe-t-il une institution nationale des droits de l'homme ou un organisme de promotion de l'égalité explicitement mandaté pour traiter et travailler systématiquement sur les questions liées à l'orientation sexuelle ?","En Belgique, une institution nationale des droits de l'homme ou un organisme de promotion de l'égalité devrait-il être explicitement mandaté pour traiter et travailler systématiquement sur les questions liées à l'orientation sexuelle ?","En Belgique, une institution nationale des droits de l'homme ou un organisme de promotion de l'égalité ne devrait-il pas être mandaté pour traiter des questions liées à l'orientation sexuelle ?"
Equality & non-discrimination,Equality action plan (sexual orientation),"En Belgique, existe-t-il un plan d'action pour l'égalité qui inclut explicitement l'orientation sexuelle et des mesures spécifiques pour progresser ?","En Belgique, devrait-il y avoir un plan d'action pour l'égalité qui inclut explicitement l'orientation sexuelle et des mesures spécifiques pour progresser ?","En Belgique, l'orientation sexuelle doit-elle être exclue des plans d'action pour l'égalité ?"
Equality & non-discrimination,Constitution (gender identity),"En Belgique, la constitution interdit-elle la discrimination fondée sur l'identité de genre ?","En Belgique, la constitution devrait-elle interdire la discrimination fondée sur l'identité de genre ?","En Belgique, la Constitution doit-elle autoriser la discrimination fondée sur l'identité sexuelle ?"
Equality & non-discrimination,Employment (gender identity),"En Belgique, l'identité de genre est-elle explicitement incluse dans la législation anti-discrimination en matière d'emploi ?","En Belgique, l'identité de genre devrait-elle être explicitement incluse dans la législation anti-discrimination en matière d'emploi ?","En Belgique, l'identité de genre devrait-elle être exclue de la législation anti-discrimination en matière d'emploi ?"
Equality & non-discrimination,Goods & services (gender identity),"En Belgique, l'identité de genre est-elle explicitement incluse dans la législation anti-discrimination relative aux biens et services ?","En Belgique, l'identité de genre devrait-elle être explicitement incluse dans la législation anti-discrimination sur les biens et services ?","En Belgique, l'identité de genre devrait-elle être exclue de la législation antidiscriminatoire sur les biens et les services ?"
Equality & non-discrimination,Education (gender identity),"En Belgique, la discrimination fondée sur l'identité de genre dans le domaine de l'éducation est-elle interdite par la législation ?","En Belgique, la discrimination fondée sur l'identité de genre dans le domaine de l'éducation devrait-elle être interdite par la législation ?","En Belgique, la législation devrait-elle autoriser la discrimination fondée sur l'identité de genre dans le domaine de l'éducation ?"
Equality & non-discrimination,Health (gender identity),"En Belgique, la discrimination fondée sur l'identité de genre dans le domaine de la santé est-elle interdite par la législation ?","En Belgique, la discrimination fondée sur l'identité de genre dans le domaine de la santé devrait-elle être interdite par la législation ?","En Belgique, la discrimination fondée sur l'identité de genre dans le domaine de la santé devrait-elle être autorisée par la législation ?"
Equality & non-discrimination,Conversion practices ban (gender identity),"En Belgique, existe-t-il une législation ou des politiques qui interdisent les pratiques de conversion ou de réparation visant à modifier l'identité de genre d'un mineur ?","En Belgique, les pratiques de conversion ou de réparation visant à modifier l'identité de genre d'un mineur devraient-elles être interdites par la législation ou les politiques ?","En Belgique, les pratiques de conversion ou de réparation visant à modifier l'identité de genre d'un mineur devraient-elles être autorisées par la législation ou les politiques ?"
Equality & non-discrimination,Equality body mandate (gender identity),"En Belgique, existe-t-il une institution nationale des droits de l'homme ou un organisme de promotion de l'égalité explicitement mandaté pour traiter et travailler systématiquement sur les questions liées à l'identité de genre ? (je pense qu'il n'en faut qu'un)","En Belgique, une institution nationale des droits de l'homme ou un organisme de promotion de l'égalité devrait-il être explicitement mandaté pour traiter des questions liées à l'identité de genre ?","En Belgique, une institution nationale des droits de l'homme ou un organisme de promotion de l'égalité ne devrait-il pas être mandaté pour traiter les questions liées à l'identité de genre ?"
Equality & non-discrimination,Equality action plan (gender identity),"En Belgique, existe-t-il un plan d'action pour l'égalité qui inclut explicitement l'identité de genre et des mesures spécifiques pour progresser ?","En Belgique, devrait-il y avoir un plan d'action pour l'égalité qui inclut explicitement l'identité de genre et des mesures spécifiques pour progresser ?","En Belgique, l'identité de genre doit-elle être exclue des plans d'action pour l'égalité ?"
Equality & non-discrimination,Law (gender expression),"En Belgique, l'expression du genre est-elle explicitement incluse dans la législation anti-discrimination ?","En Belgique, l'expression du genre devrait-elle être explicitement incluse dans la législation anti-discrimination ?","En Belgique, l'expression du genre doit-elle être exclue de la législation anti-discrimination ?"
Equality & non-discrimination,Constitution (sex characteristics),"En Belgique, la constitution interdit-elle la discrimination fondée sur les caractéristiques sexuelles ?","En Belgique, la constitution devrait-elle interdire la discrimination fondée sur les caractéristiques sexuelles ?","En Belgique, la constitution devrait-elle autoriser la discrimination fondée sur les caractéristiques sexuelles ?"
Equality & non-discrimination,Employment (sex characteristics),"En Belgique, les caractéristiques sexuelles sont-elles explicitement incluses dans la législation anti-discrimination en matière d'emploi ?","En Belgique, les caractéristiques sexuelles devraient-elles être explicitement incluses dans la législation anti-discrimination en matière d'emploi ?","En Belgique, les caractéristiques sexuelles devraient-elles être exclues de la législation anti-discrimination en matière d'emploi ?"
Equality & non-discrimination,Goods & services (sex characteristics),"En Belgique, les caractéristiques sexuelles sont-elles explicitement incluses dans la législation anti-discrimination relative aux biens et services ?","En Belgique, les caractéristiques sexuelles devraient-elles être explicitement incluses dans la législation antidiscriminatoire relative aux biens et services ?","En Belgique, les caractéristiques sexuelles devraient-elles être exclues de la législation antidiscriminatoire sur les biens et les services ?"
Equality & non-discrimination,Education (sex characteristics),"En Belgique, la discrimination fondée sur les caractéristiques sexuelles dans le domaine de l'éducation est-elle interdite par la législation ?","En Belgique, la discrimination fondée sur les caractéristiques sexuelles dans le domaine de l'éducation devrait-elle être interdite par la législation ?","En Belgique, la législation devrait-elle autoriser la discrimination fondée sur les caractéristiques sexuelles dans le domaine de l'éducation ?"
Equality & non-discrimination,Health (sex characteristics),"En Belgique, la discrimination fondée sur les caractéristiques sexuelles dans le domaine de la santé est-elle interdite par la législation ?","En Belgique, la discrimination fondée sur les caractéristiques sexuelles dans le domaine de la santé devrait-elle être interdite par la législation ?","En Belgique, la législation devrait-elle autoriser la discrimination fondée sur les caractéristiques sexuelles dans le domaine de la santé ?"
Equality & non-discrimination,Equality body mandate (sex characteristics),"En Belgique, existe-t-il une institution nationale des droits de l'homme ou un organisme de promotion de l'égalité explicitement mandaté pour traiter et travailler systématiquement sur les questions liées aux caractéristiques sexuelles ?","En Belgique, les institutions nationales des droits de l'homme ou les organismes de promotion de l'égalité devraient-ils être explicitement mandatés pour traiter les questions liées aux caractéristiques sexuelles ?","En Belgique, les institutions nationales des droits de l'homme ou les organismes de promotion de l'égalité ne devraient-ils pas être mandatés pour traiter les questions liées aux caractéristiques sexuelles ?"
Equality & non-discrimination,Equality action plan (sex characteristics),"En Belgique, existe-t-il un plan d'action pour l'égalité qui inclut explicitement les caractéristiques sexuelles et des mesures spécifiques pour progresser ?","En Belgique, devrait-il y avoir un plan d'action pour l'égalité qui inclut explicitement l'identité de genre et des mesures spécifiques pour progresser ?","En Belgique, les caractéristiques sexuelles doivent-elles être exclues des plans d'action pour l'égalité ?"
Equality & non-discrimination,Blood donations,"En Belgique, le don de sang ou de tout type de tissus corporels pour les personnes lgbti sur la base de leur orientation sexuelle ou de leur identité de genre est-il libre de toute interdiction législative ou administrative ?","En Belgique, le don de sang ou de tout type de tissus corporels aux personnes LGBTI sur la base de leur orientation sexuelle ou de leur identité de genre devrait-il être exempt d'interdiction législative ou administrative ?","En Belgique, le don de sang ou de tout type de tissus corporels aux personnes LGBT sur la base de leur orientation sexuelle ou de leur identité de genre doit-il faire l'objet d'une interdiction législative ou administrative ?"
Family,Marriage equality,"En Belgique, les couples de même sexe sont-ils autorisés à se marier avec le même niveau de droits que les couples mariés de sexe différent ?","En Belgique, les couples de même sexe devraient-ils être autorisés à se marier avec le même niveau de droits que les couples mariés de sexe différent ?","En Belgique, les couples de même sexe ne devraient-ils pas être autorisés à se marier avec le même niveau de droits que les couples mariés de sexe différent ?"
Family,Registered partnership (similar rights to marriage),"En Belgique, les couples de même sexe peuvent-ils conclure un partenariat enregistré ou un partenariat civil et obtenir les mêmes droits que s'ils étaient mariés ?","En Belgique, les couples de même sexe devraient-ils être autorisés à conclure un partenariat enregistré/un partenariat civil et obtenir le même niveau de droits que s'ils étaient mariés ?","En Belgique, les couples de même sexe ne devraient-ils pas être autorisés à conclure un partenariat enregistré ou un partenariat civil et obtenir le même niveau de droits que s'ils étaient mariés ?"
Family,Registered partnership (limited rights),"En Belgique, les couples de même sexe sont-ils autorisés à conclure un partenariat enregistré/civil ?","En Belgique, les couples de même sexe devraient-ils être autorisés à conclure un partenariat enregistré/civil ?","En Belgique, les couples de même sexe ne devraient-ils pas être autorisés à conclure un partenariat enregistré/civil ?"
Family,Cohabitation,"En Belgique, les couples de même sexe sont-ils inclus dans la législation ou les mesures juridiques relatives à la cohabitation ?","En Belgique, les couples de même sexe devraient-ils être inclus dans la législation ou les mesures juridiques relatives à la cohabitation ?","En Belgique, les couples de même sexe devraient-ils être exclus de la législation ou des mesures juridiques relatives à la cohabitation ?"
Family,No constitutional limitation on marriage,"En Belgique, la Constitution ne définit-elle pas le mariage comme étant uniquement l'union d'un homme et d'une femme ?","En Belgique, la Constitution ne devrait-elle pas définir le mariage comme étant uniquement l'union d'un homme et d'une femme ?","En Belgique, faut-il définir constitutionnellement le mariage comme étant uniquement l'union d'un homme et d'une femme ?"
Family,Joint adoption,"En Belgique, les couples de même sexe peuvent-ils légalement introduire une demande d'adoption conjointe ?","En Belgique, les couples de même sexe devraient-ils être autorisés à demander l'adoption conjointe en toute légalité ?","En Belgique, les couples de même sexe ne devraient-ils pas être autorisés à demander l'adoption conjointe en toute légalité ?"
Family,Second-parent adoption,"En Belgique, les couples de même sexe sont-ils autorisés à demander légalement l'adoption d'un deuxième parent ?","En Belgique, les couples de même sexe devraient-ils être autorisés à demander l'adoption par un second parent ?","En Belgique, les couples de même sexe ne devraient-ils pas être autorisés à demander l'adoption par un second parent ?"
Family,Automatic co-parent recognition,"En Belgique, les enfants nés de couples sont-ils automatiquement reconnus légalement dès la naissance comme les enfants des deux parents, indépendamment de l'orientation sexuelle et/ou de l'identité de genre des partenaires ?","En Belgique, les enfants nés de couples devraient-ils être automatiquement reconnus légalement dès la naissance comme les enfants des deux parents, indépendamment de l'orientation sexuelle et/ou de l'identité de genre des partenaires ?","En Belgique, les enfants nés de couples ne devraient-ils pas être automatiquement reconnus légalement dès la naissance comme les enfants des deux parents, en fonction de l'orientation sexuelle et/ou de l'identité de genre des partenaires ?"
Family,Medically assisted insemination (couples),"En Belgique, les couples (indépendamment de l'orientation sexuelle et/ou de l'identité de genre des partenaires) ne rencontrent-ils pas d'obstacles juridiques à l'accès aux traitements de fertilité ?","En Belgique, les couples (indépendamment de l'orientation sexuelle et/ou de l'identité de genre des partenaires) ne devraient-ils pas être confrontés à des obstacles juridiques pour accéder aux traitements de fertilité ?","En Belgique, les couples (indépendamment de l'orientation sexuelle et/ou de l'identité de genre des partenaires) devraient-ils être confrontés à des obstacles juridiques pour accéder aux traitements de fertilité ?"
Family,Medically assisted insemination (singles),"En Belgique, les traitements de fertilité sont-ils légalement possibles pour les individus, indépendamment de leur orientation sexuelle et/ou de leur identité de genre ?","En Belgique, les traitements de fertilité devraient-ils être légalement possibles indépendamment de l'orientation sexuelle et/ou de l'identité de genre des personnes concernées ?","En Belgique, les traitements de fertilité doivent-ils être légalement possibles en fonction de l'orientation sexuelle et/ou de l'identité de genre des personnes concernées ?"
Family,Recognition of trans parenthood,"En Belgique, l'identité de genre légale d'un parent transgenre est-elle pleinement reconnue et correctement reflétée dans les documents de parenté de l'enfant, et les réglementations relatives à la parentalité sont-elles alignées sur toutes les options de genre disponibles (lorsqu'il existe plus de deux marqueurs de genre) en fonction de l'identité de genre reconnue du parent ?","En Belgique, l'identité de genre légale d'un parent transgenre devrait-elle être pleinement reconnue et reflétée dans les documents de parenté de l'enfant, et les réglementations relatives à la parentalité devraient-elles s'aligner sur toutes les options de genre disponibles (lorsqu'il existe plus de deux marqueurs de genre) en fonction de l'identité de genre reconnue du parent ?","En Belgique, les parents transgenres devraient-ils voir leur identité de genre légale non reconnue et correctement reflétée dans les documents de parenté conformément à l'identité de genre reconnue du parent ?"
Hate crime & hate speech,Hate crime law (sexual orientation),"En Belgique, l'orientation sexuelle est-elle explicitement incluse dans la législation sur les crimes de haine en tant que facteur aggravant ?","En Belgique, l'orientation sexuelle devrait-elle être explicitement incluse dans la législation sur les crimes de haine en tant que circonstance aggravante ?","En Belgique, l'orientation sexuelle devrait-elle être exclue de la législation sur les crimes de haine en tant que circonstance aggravante ?"
Hate crime & hate speech,Hate speech law (sexual orientation),"En Belgique, l'orientation sexuelle est-elle explicitement incluse dans la législation sur les discours de haine en tant que circonstance aggravante ?","En Belgique, l'orientation sexuelle devrait-elle être explicitement incluse dans la législation sur les discours de haine en tant que circonstance aggravante ?","En Belgique, l'orientation sexuelle devrait-elle être exclue de la législation sur les discours de haine en tant que circonstance aggravante ?"
Hate crime & hate speech,Policy tackling hatred (sexual orientation),"En Belgique, l'orientation sexuelle est-elle explicitement incluse dans une stratégie nationale de lutte contre les crimes et les discours de haine, dans le cadre d'un dispositif récurrent mis en place par les acteurs publics ?","En Belgique, l'orientation sexuelle devrait-elle être explicitement incluse dans une stratégie nationale de lutte contre les crimes et les discours de haine, dans le cadre d'un dispositif récurrent mis en place par les acteurs publics ?","En Belgique, l'orientation sexuelle devrait-elle être exclue d'une stratégie nationale de lutte contre les crimes et les discours de haine ?"
Hate crime & hate speech,Hate crime law (gender identity),"En Belgique, l'identité de genre est-elle explicitement incluse dans la législation sur les crimes de haine en tant que circonstance aggravante ?","En Belgique, l'identité de genre devrait-elle être explicitement incluse dans la législation sur les crimes de haine en tant que circonstance aggravante ?","En Belgique, l'identité de genre devrait-elle être exclue de la législation sur les crimes de haine en tant que circonstance aggravante ?"
Hate crime & hate speech,Hate speech law (gender identity),"En Belgique, l'identité de genre est-elle explicitement incluse dans la législation sur les discours de haine en tant que circonstance aggravante ?","En Belgique, l'identité de genre devrait-elle être explicitement incluse dans la législation sur les discours de haine en tant que circonstance aggravante ?","En Belgique, l'identité de genre devrait-elle être exclue de la législation sur les discours de haine en tant que circonstance aggravante ?"
Hate crime & hate speech,Policy tackling hatred (gender identity),"En Belgique, l'identité de genre est-elle incluse dans une stratégie nationale de lutte contre les crimes et les discours de haine, dans le cadre d'un ensemble de mesures permanentes, systématiques et officiellement organisées par l'État ?","En Belgique, l'identité de genre devrait-elle être explicitement incluse dans une stratégie nationale de lutte contre les crimes et les discours de haine, dans le cadre d'un dispositif récurrent mis en place par les acteurs publics ?","En Belgique, l'identité de genre devrait-elle être exclue d'une stratégie nationale de lutte contre les crimes et les discours de haine ?"
Hate crime & hate speech,Hate crime law (intersex),"En Belgique, les caractéristiques sexuelles (perçues) ou le statut intersexuel sont-ils explicitement inclus dans la législation sur les crimes de haine en tant que facteur aggravant ?","En Belgique, les caractéristiques sexuelles (perçues) ou le statut intersexuel devraient-ils être explicitement inclus dans la législation sur les crimes de haine en tant que facteur aggravant ?","En Belgique, les caractéristiques sexuelles (perçues) ou le statut intersexe devraient-ils être exclus de la législation sur les crimes de haine en tant que facteur aggravant ?"
Hate crime & hate speech,Hate speech law (sex characteristics),"En Belgique, les caractéristiques sexuelles ou le statut intersexuel sont-ils explicitement inclus dans la législation sur les discours de haine en tant que facteur aggravant ?","En Belgique, les caractéristiques sexuelles ou le statut intersexuel devraient-ils être explicitement inclus dans la législation sur les discours de haine en tant que facteur aggravant ?","En Belgique, les caractéristiques sexuelles ou l'intersexualité devraient-elles être exclues de la législation sur les discours de haine en tant que facteur aggravant ?"
Hate crime & hate speech,Policies tackling hatred (intersex),"En Belgique, les caractéristiques sexuelles ou le statut intersexuel sont-ils inclus dans une stratégie nationale de lutte contre les crimes et les discours de haine, dans le cadre d'un ensemble de mesures permanentes, systématiques et officiellement organisées par l'État ?","En Belgique, les caractéristiques sexuelles ou le statut d'intersexualité devraient-ils être inclus dans une stratégie nationale de lutte contre les crimes et les discours de haine, dans le cadre d'un dispositif récurrent mis en place par les acteurs étatiques ?","En Belgique, les caractéristiques sexuelles ou le statut d'intersexualité devraient-ils être exclus d'une stratégie nationale de lutte contre les crimes et les discours de haine, dans le cadre d'un dispositif récurrent mis en place par les acteurs étatiques ?"
Legal gender recognition,No legal framework making legal gender recognition impossible,"En Belgique, n'existe-t-il pas d'interdiction explicite ou de limitation légale qui rende la reconnaissance légale du genre totalement impossible (même si les procédures sont onéreuses, difficiles, ou s'il n'existe pas de parcours défini) ?","En Belgique, ne devrait-il pas y avoir une interdiction explicite ou une limitation légale qui rende la reconnaissance légale du genre totalement impossible (même si les procédures sont onéreuses, difficiles, ou s'il n'existe pas de voie d'accès fixe) ?","En Belgique, une interdiction ou une limitation légale devrait-elle rendre impossible la reconnaissance légale du sexe ?"
Legal gender recognition,Existence of legal measures,"En Belgique, existe-t-il des mesures juridiques pour la reconnaissance légale du genre ?","En Belgique, devrait-on mettre en place des mesures juridiques pour la reconnaissance légale du genre ?","En Belgique, n'y a-t-il pas de mesures juridiques en place pour la reconnaissance légale du genre ?"
Legal gender recognition,Existence of administrative procedures,"En Belgique, existe-t-il des procédures administratives pour la reconnaissance légale du sexe ?","En Belgique, faut-il prévoir des procédures administratives pour la reconnaissance légale du sexe ?","En Belgique, ne devrait-il pas y avoir des procédures administratives pour la reconnaissance légale du sexe ?"
Legal gender recognition,Name change,"En Belgique, la législation permet-elle de changer de nom sans restrictions ?","En Belgique, la législation devrait-elle autoriser un changement de nom sans restrictions ?","En Belgique, la législation doit-elle refuser le changement de nom ou l'autoriser avec des restrictions ?"
Legal gender recognition,No age restriction (Name change),"En Belgique, n'y a-t-il pas de limite d'âge explicite pour le changement de nom des mineurs ?","En Belgique, n'y a-t-il pas de limite d'âge explicite pour le changement de nom des mineurs ?","En Belgique, faut-il prévoir une limite d'âge pour le changement de nom d'un mineur ?"
Legal gender recognition,Self-determination,"En Belgique, la reconnaissance légale du genre repose-t-elle exclusivement sur la volonté exprimée par la personne concernée, sans nécessiter l'intervention d'un tiers et sans que le statut intersexuel ou les caractéristiques sexuelles soient considérés comme une contre-indication ?","En Belgique, la reconnaissance légale du genre devrait-elle se fonder exclusivement sur la volonté exprimée par la personne concernée, sans nécessiter l'intervention d'un tiers et sans considérer l'intersexualité ou les caractéristiques sexuelles comme une contre-indication ?","En Belgique, la reconnaissance légale du genre ne devrait-elle pas reposer exclusivement sur la volonté exprimée par la personne concernée, mais nécessiter l'intervention d'un tiers, et le statut intersexuel ou les caractéristiques sexuelles constituent-ils une contre-indication ?"
Legal gender recognition,Non-binary recognition,"En Belgique, la reconnaissance du genre non binaire est-elle disponible soit par le biais d'un registre public offrant plus de deux marqueurs de genre, disponible uniquement sur demande avec une procédure cohérente et sans discrimination, soit par l'absence d'enregistrement obligatoire d'un marqueur de genre pour tous dans le registre public ?","En Belgique, la reconnaissance du genre non binaire devrait-elle être disponible soit par le biais d'un registre public offrant plus de deux marqueurs de genre, et n'être disponible que sur demande avec une procédure cohérente et sans discrimination, soit par l'absence d'enregistrement obligatoire d'un marqueur de genre pour tous dans le registre public ?","En Belgique, la reconnaissance du genre non binaire ne devrait-elle pas être possible soit par le biais d'un registre public offrant plus de deux options de marqueurs de genre, soit par l'absence d'enregistrement obligatoire des marqueurs de genre dans le registre public ?"
Legal gender recognition,No 'Gender Identity Disorder' diagnosis/psychological opinion required,"En Belgique, un diagnostic de trouble de l'identité de genre ou un avis psychologique n'est-il pas nécessaire pour obtenir la reconnaissance légale du genre ?","En Belgique, un diagnostic de trouble de l'identité de genre ou un avis psychologique ne devrait-il pas être exigé pour la reconnaissance légale du genre ?","En Belgique, un diagnostic de trouble de l'identité de genre ou un avis psychologique devrait-il être exigé pour la reconnaissance légale du genre ?"
Legal gender recognition,No compulsory medical intervention required,"En Belgique, les interventions médicales non chirurgicales ne sont-elles pas nécessaires pour la reconnaissance légale du genre ?","En Belgique, les interventions médicales non chirurgicales ne devraient-elles pas être exigées pour la reconnaissance légale du sexe ?","En Belgique, des interventions médicales non chirurgicales devraient-elles être exigées pour la reconnaissance légale du genre ?"
Legal gender recognition,No compulsory surgical intervention required,"En Belgique, les interventions médicales chirurgicales ne sont-elles pas nécessaires pour la reconnaissance légale du genre ?","En Belgique, les interventions médicales chirurgicales ne devraient-elles pas être requises pour la reconnaissance légale du sexe ?","En Belgique, des interventions médicales chirurgicales devraient-elles être exigées pour la reconnaissance légale du genre ?"
Legal gender recognition,No compulsory sterilisation required,"En Belgique, la stérilisation ou la preuve de l'infertilité n'est pas requise pour la reconnaissance légale du genre ?","En Belgique, la stérilisation ou la preuve de l'infertilité ne devrait-elle pas être exigée pour la reconnaissance légale du genre ?","En Belgique, la stérilisation ou la preuve de l'infertilité devrait-elle être exigée pour la reconnaissance légale du genre ?"
Legal gender recognition,No compulsory divorce required,"En Belgique, le divorce ou le statut de célibataire n'est-il pas requis pour la reconnaissance légale du sexe ?","En Belgique, le divorce ou le statut de célibataire ne devrait-il pas être exigé pour la reconnaissance légale du sexe ?","En Belgique, le divorce ou le statut de célibataire devrait-il être exigé pour la reconnaissance légale du genre ?"
Legal gender recognition,No age restriction,"En Belgique, les mesures légales existantes en matière de reconnaissance du genre excluent-elles toute restriction explicite d'âge minimum ou maximum ?","En Belgique, les mesures juridiques existantes en matière de reconnaissance du genre devraient-elles exclure toute restriction explicite d'âge minimum ou maximum ?","En Belgique, les mesures légales existantes pour la reconnaissance du genre devraient-elles inclure des restrictions d'âge minimum ou maximum ?"
Legal gender recognition,Legal gender recognition procedures exist for minors,"En Belgique, les mesures légales permettant d'accéder à la reconnaissance légale du genre sont-elles disponibles pour les mineurs et donnent-elles des résultats cohérents ?","En Belgique, les mesures légales d'évaluation de la reconnaissance légale du genre devraient-elles être disponibles pour les mineurs et fournir des résultats cohérents ?","En Belgique, les mineurs ne devraient-ils pas pouvoir bénéficier de mesures juridiques pour évaluer la reconnaissance légale de leur sexe ?"
Legal gender recognition,Depathologisation,"En Belgique, les soins de santé spécifiques aux transgenres pour les adultes/adolescents, les services de soutien pour les transgenres avant la puberté et les enfants présentant des variantes de genre sont-ils accessibles et couverts financièrement sans qu'une évaluation ou un diagnostic de santé mentale soit nécessaire ?","En Belgique, les soins de santé spécifiques aux transgenres pour les adultes/adolescents et les services de soutien pour les enfants transgenres avant la puberté et les enfants présentant des variantes de genre devraient-ils être accessibles et couverts financièrement sans nécessiter une évaluation ou un diagnostic de santé mentale ?","En Belgique, les soins de santé spécifiques aux transgenres pour les adultes/adolescents et les services de soutien pour les enfants transgenres avant la puberté ne devraient-ils pas être accessibles et couverts financièrement sans qu'une évaluation ou un diagnostic de santé mentale soit nécessaire ?"
Intersex bodily integrity,Prohibition of medical intervention without informed consent (intersex),"En Belgique, la loi interdit-elle aux médecins de procéder à une quelconque intervention chirurgicale ou médicale sur un mineur intersexe lorsque l'intervention n'est pas nécessaire sur le plan médical et peut être évitée ou reportée jusqu'à ce que la personne puisse donner son consentement éclairé ?","En Belgique, la loi devrait-elle interdire aux médecins de procéder à une quelconque intervention chirurgicale ou médicale sur un mineur intersexe lorsque cette intervention n'est pas nécessaire d'un point de vue médical et qu'elle peut être évitée ou reportée jusqu'à ce que la personne puisse donner son consentement en connaissance de cause ?","En Belgique, la loi devrait-elle autoriser les médecins à pratiquer des interventions chirurgicales ou médicales sur des mineurs intersexués, même si l'intervention n'est pas nécessaire d'un point de vue médical et pourrait être évitée ou reportée jusqu'à ce que la personne puisse donner son consentement éclairé ?"
Intersex bodily integrity,Universality of prohibition of medical interventions,"En Belgique, les protections de l'intégrité corporelle sont-elles universelles pour toutes les personnes, et non fondées sur des variations ou des diagnostics spécifiques ou des termes intersexes, et la loi interdit-elle aux médecins et autres professionnels de procéder à une quelconque intervention chirurgicale ou médicale sur quiconque sans son consentement personnel, sauf en cas de raisons vitales ?","En Belgique, les protections de l'intégrité corporelle devraient-elles être universelles pour toutes les personnes, et non basées sur des variations ou des diagnostics spécifiques ou des termes intersexes, et les médecins ou autres professionnels devraient-ils se voir interdire par la loi d'effectuer tout type d'intervention chirurgicale ou médicale sur quiconque sans son consentement personnel, sauf en cas de raisons vitales ?","En Belgique, les protections de l'intégrité corporelle doivent-elles dépendre de variations ou de diagnostics spécifiques ou de termes intersexes, et les médecins ou autres professionnels doivent-ils être autorisés par la loi à procéder à des interventions chirurgicales ou médicales sans le consentement d'une personne, même en l'absence de raisons vitales ?"
Intersex bodily integrity,Existence of effective monitoring mechanism,"En Belgique, existe-t-il un mécanisme de contrôle, en tant qu'entité indépendante de l'établissement médical, pour surveiller l'interdiction de l'intervention médicale sur les mineurs intersexués ?","En Belgique, un mécanisme de contrôle, indépendant de l'établissement médical, devrait-il exister pour surveiller l'interdiction de l'intervention médicale sur les mineurs intersexués ?","En Belgique, n'existe-t-il pas un mécanisme de contrôle, indépendant de l'établissement médical, pour surveiller l'interdiction de l'intervention médicale sur les mineurs intersexués ?"
Intersex bodily integrity,Access to justice for victims and reparations,"En Belgique, les dispositions légales interdisant les interventions médicales sur les mineurs intersexués comprennent-elles des mécanismes clairs et efficaces qui reconnaissent les pratiques passées et garantissent l'accès à la justice, à la réparation et au droit à l'information ?","En Belgique, les dispositions légales interdisant les interventions médicales sur les mineurs intersexués devraient-elles inclure des mécanismes clairs et efficaces reconnaissant les pratiques passées et garantissant l'accès à la justice, à la réparation et au droit à l'information ?","En Belgique, les dispositions légales interdisant les interventions médicales sur les mineurs intersexués doivent-elles exclure les mécanismes qui reconnaissent les pratiques passées et garantissent l'accès à la justice, à la réparation et au droit à l'information ?"
Civil society space,"Public event held, no state obstruction of freedom of assembly (last 3 years)","En Belgique, les lois, les politiques et les pratiques permettent-elles le plein exercice du droit à la liberté de réunion, y compris l'organisation d'événements publics pour les LGBTI sans obstruction ?","En Belgique, les lois, les politiques et les pratiques devraient-elles permettre le plein exercice du droit à la liberté de réunion, y compris l'organisation d'événements publics pour les LGBTI sans obstruction ?","En Belgique, les lois, les politiques et les pratiques devraient-elles empêcher le plein exercice du droit à la liberté de réunion pour les événements publics LGBTI ?"
Civil society space,"Public event held, there is enough protection (last 3 years)","En Belgique, les manifestations publiques organisées par des personnes LGBTI sont-elles protégées par les autorités publiques qui veillent à ce qu'elles se déroulent comme il se doit, notamment en les protégeant contre les perturbations ou les attaques ?","En Belgique, les événements publics LGBTI doivent-ils être protégés par les autorités publiques qui veillent à leur bon déroulement, y compris la protection contre les perturbations ou les attaques ?","En Belgique, les événements publics LGBTI ne devraient-ils pas être protégés par les autorités publiques qui veillent à leur bon déroulement, y compris la protection contre les perturbations ou les attaques ?"
Civil society space,"Associations operate, no state obstruction of freedom association (last 3 years)","En Belgique, n'existe-t-il pas de restrictions légales et administratives au fonctionnement des organisations ou des publications lgbti ?","En Belgique, aucune restriction légale ou administrative ne devrait être imposée au fonctionnement des organisations ou des publications lgbti ?","En Belgique, le fonctionnement des organisations ou des publications lgbti devrait-il faire l'objet de restrictions légales et administratives ?"
Civil society space,LGBTI human rights defenders are not at risk,"En Belgique, les défenseurs des droits de l'homme lgbti ne sont-ils pas intimidés et criminalisés pour leur travail ?","En Belgique, les défenseurs des droits de l'homme lgbti ne devraient-ils pas être intimidés et criminalisés pour leur travail ?","En Belgique, les défenseurs des droits de l'homme lgbti doivent-ils être intimidés et criminalisés pour leur travail ?"
Civil society space,No laws limiting external funding,"En Belgique, n'existe-t-il pas de réglementation gouvernementale explicite interdisant aux organisations de recevoir des fonds ?","En Belgique, ne devrait-il pas y avoir des réglementations gouvernementales explicites interdisant aux organisations de recevoir des fonds ?","En Belgique, faudrait-il une réglementation gouvernementale explicite interdisant aux organisations de recevoir des fonds ?"
Civil society space,No laws limiting freedom of expression (national/local),"En Belgique, n'existe-t-il pas de législation au niveau national ou local qui restreigne la liberté d'expression sur les questions liées aux personnes LGBTI ?","En Belgique, aucune législation nationale ou locale ne devrait restreindre la liberté d'expression sur les questions liées aux personnes LGBTI ?","En Belgique, existe-t-il une législation au niveau national ou local qui limite la liberté d'expression sur les questions liées aux personnes LGBTI ?"
Asylum,Asylum law (sexual orientation),"En Belgique, l'orientation sexuelle est-elle expressément incluse dans la loi sur l'asile en tant que critère de qualification ?","En Belgique, l'orientation sexuelle devrait-elle être expressément incluse dans le droit d'asile en tant que critère de qualification ?","En Belgique, l'orientation sexuelle doit-elle être exclue du droit d'asile en tant que critère de qualification ?"
Asylum,Other positive measures (sexual orientation),"En Belgique, existe-t-il des politiques nationales ou des mesures juridiques ou non juridiques liées à l'asile qui répondent spécifiquement aux besoins des réfugiés ou demandeurs d'asile gays, lesbiennes et bisexuels ?","En Belgique, devrait-il y avoir des politiques nationales ou des mesures juridiques ou non juridiques liées à l'asile qui répondent spécifiquement aux besoins des réfugiés ou demandeurs d'asile gays, lesbiennes et bisexuels ?","En Belgique, n'y a-t-il pas de politiques nationales ou de mesures juridiques ou non juridiques liées à l'asile qui répondent spécifiquement aux besoins des réfugiés ou demandeurs d'asile gays, lesbiennes et bisexuels ?"
Asylum,Asylum law (gender identity),"En Belgique, l'identité de genre est-elle expressément incluse dans le droit d'asile en tant que critère de qualification ?","En Belgique, l'identité de genre devrait-elle être expressément incluse dans le droit d'asile en tant que critère de qualification ?","En Belgique, l'identité de genre devrait-elle être exclue du droit d'asile en tant que critère de qualification ?"
Asylum,Other positive measures (gender identity),"En Belgique, existe-t-il des politiques nationales ou des mesures juridiques ou non juridiques liées à l'asile qui répondent spécifiquement aux besoins des réfugiés ou demandeurs d'asile trans et non binaires ?","En Belgique, devrait-il y avoir des politiques nationales ou des mesures juridiques ou non juridiques liées à l'asile qui répondent spécifiquement aux besoins des réfugiés ou demandeurs d'asile trans et non binaires ?","En Belgique, n'y a-t-il pas de politiques nationales ou de mesures juridiques ou non juridiques liées à l'asile qui répondent spécifiquement aux besoins des réfugiés ou demandeurs d'asile trans et non binaires ?"
Asylum,Asylum law (intersex),"En Belgique, le statut intersexuel ou les caractéristiques sexuelles sont-ils expressément inclus dans le droit d'asile en tant que critère de qualification ?","En Belgique, l'intersexualité ou les caractéristiques sexuelles devraient-elles être expressément incluses dans le droit d'asile en tant que critère de qualification ?","En Belgique, l'intersexualité ou les caractéristiques sexuelles devraient-elles être exclues du droit d'asile en tant que critère de qualification ?"
Asylum,Other positive measures (intersex),"En Belgique, existe-t-il des politiques nationales ou des mesures juridiques ou non juridiques liées à l'asile qui répondent spécifiquement aux besoins des réfugiés ou des demandeurs d'asile intersexués ?","En Belgique, devrait-il y avoir des politiques nationales ou des mesures juridiques ou non juridiques liées à l'asile qui répondent spécifiquement aux besoins des réfugiés ou des demandeurs d'asile intersexués ?","En Belgique, n'y a-t-il pas de politiques nationales ou de mesures juridiques ou non juridiques liées à l'asile qui répondent spécifiquement aux besoins des réfugiés ou des demandeurs d'asile intersexués ?"
